﻿Designator,Footprint,Quantity,Value,LCSC Part #
J1,JST_XH_B4B-XH-A_1x04_P2.50mm_Vertical,1,Pads 1-3,
J10,JST_XH_B2B-XH-A_1x02_P2.50mm_Vertical,1,Pad 7,
J11,JST_XH_B2B-XH-A_1x02_P2.50mm_Vertical,1,Pad 8,
J12,JST_XH_B2B-XH-A_1x02_P2.50mm_Vertical,1,Pad 9,
J13,screw_terminal_01x02_p7.62mm,1,Power,
J14,PinHeader_2x09_P2.54mm_Vertical,1,Pads,
J15,PinHeader_2x08_P2.54mm_Vertical,1,Analog,
J16,PinHeader_1x04_P2.54mm_Vertical,1,LEDs,
J2,JST_XH_B4B-XH-A_1x04_P2.50mm_Vertical,1,Pads 4-6,
J3,JST_XH_B4B-XH-A_1x04_P2.50mm_Vertical,1,Pads 7-9,
J4,JST_XH_B2B-XH-A_1x02_P2.50mm_Vertical,1,Pad 1,
J5,JST_XH_B2B-XH-A_1x02_P2.50mm_Vertical,1,Pad 2,
J6,JST_XH_B2B-XH-A_1x02_P2.50mm_Vertical,1,Pad 3,
J7,JST_XH_B2B-XH-A_1x02_P2.50mm_Vertical,1,Pad 4,
J8,JST_XH_B2B-XH-A_1x02_P2.50mm_Vertical,1,Pad 5,
J9,JST_XH_B2B-XH-A_1x02_P2.50mm_Vertical,1,Pad 6,
U1,Teensy30_31_32_LC,1,Teensy3.2,
